<?xml version="1.0" ?><options>
	<universal>
		<maxServers>30</maxServers>
		<identTrigger>false</identTrigger>
		<identServiceModule>serviceA</identServiceModule>
		<identDimmerVector>1.0</identDimmerVector>
		<identServersVector>1</identServersVector>
		<identWorkloadVector>0.0</identWorkloadVector>
		<identWorkloadFile>../workload/sampling_workload.delta</identWorkloadFile>
		<controlTrigger>false</controlTrigger>
		<controlWorkloadFile>../workload/control_workload.delta</controlWorkloadFile>
		<deviationTrigger>false</deviationTrigger>
		<deviationServiceModule>serviceA</deviationServiceModule>
		<deviationStartTime>-1</deviationStartTime>
	</universal>
	<serviceA>
		<serviceAMinServers>1</serviceAMinServers>
		<serviceAMaxServers>10</serviceAMaxServers>
		<serviceAInitialServers>3</serviceAInitialServers>
		<serviceAControlTrigger>true</serviceAControlTrigger>
		<serviceASupervisionTrigger>false</serviceASupervisionTrigger>
		<serviceASupervisionType>MoD2</serviceASupervisionType>
		<serviceAAuxiliarySignalTriggerMode>combine_trigger</serviceAAuxiliarySignalTriggerMode>
		<serviceAAuxiliarySignalDesignMode>optimal_design</serviceAAuxiliarySignalDesignMode>
		<serviceATimingInterval>15</serviceATimingInterval>
		<serviceARndSeed>1</serviceARndSeed>
		<serviceASlidingWindowSize>28</serviceASlidingWindowSize>
		<serviceAErrorThreshold>0.0</serviceAErrorThreshold>
		<serviceASwitchTrigger>false</serviceASwitchTrigger>
	</serviceA>
	<serviceB>
		<serviceBMinServers>1</serviceBMinServers>
		<serviceBMaxServers>10</serviceBMaxServers>
		<serviceBInitialServers>1</serviceBInitialServers>
		<serviceBControlTrigger>false</serviceBControlTrigger>
		<serviceBSupervisionTrigger>false</serviceBSupervisionTrigger>
		<serviceBSupervisionType>MoD2</serviceBSupervisionType>
		<serviceBAuxiliarySignalTriggerMode>combine_trigger</serviceBAuxiliarySignalTriggerMode>
		<serviceBAuxiliarySignalDesignMode>optimal_design</serviceBAuxiliarySignalDesignMode>
		<serviceBTimingInterval>15</serviceBTimingInterval>
		<serviceBRndSeed>1</serviceBRndSeed>
		<serviceBSlidingWindowSize>28</serviceBSlidingWindowSize>
		<serviceBErrorThreshold>0.0</serviceBErrorThreshold>
		<serviceBSwitchTrigger>false</serviceBSwitchTrigger>
	</serviceB>
	<serviceC>
		<serviceCMinServers>1</serviceCMinServers>
		<serviceCMaxServers>10</serviceCMaxServers>
		<serviceCInitialServers>1</serviceCInitialServers>
		<serviceCControlTrigger>false</serviceCControlTrigger>
		<serviceCSupervisionTrigger>false</serviceCSupervisionTrigger>
		<serviceCSupervisionType>MoD2</serviceCSupervisionType>
		<serviceCAuxiliarySignalTriggerMode>combine_trigger</serviceCAuxiliarySignalTriggerMode>
		<serviceCAuxiliarySignalDesignMode>optimal_design</serviceCAuxiliarySignalDesignMode>
		<serviceCTimingInterval>15</serviceCTimingInterval>
		<serviceCRndSeed>1</serviceCRndSeed>
		<serviceCSlidingWindowSize>28</serviceCSlidingWindowSize>
		<serviceCErrorThreshold>0.0</serviceCErrorThreshold>
		<serviceCSwitchTrigger>false</serviceCSwitchTrigger>
	</serviceC>
</options>